id,name,age,email,city
100,Taffy,56,Taffy.56@yopmail.com,Adamstown
101,Meriel,35,Meriel.35@yopmail.com,Liverpool
102,Roxane,65,Roxane.65@yopmail.com,Ciudad del Este
103,Oona,51,Oona.51@yopmail.com,Monterrey
104,Cathyleen,32,Cathyleen.32@yopmail.com,Tallinn
105,Amalie,30,Amalie.30@yopmail.com,Baku
106,Frieda,51,Frieda.51@yopmail.com,Chittagong
107,Hallie,27,Hallie.27@yopmail.com,Islamabad
108,Christal,29,Christal.29@yopmail.com,Helsinki
109,Chrystel,22,Chrystel.22@yopmail.com,Las Palmas de Gran Canaria
110,Carlie,52,Carlie.52@yopmail.com,Zamboanga City
111,Roslyn,22,Roslyn.22@yopmail.com,Sydney
112,Miquela,38,Miquela.38@yopmail.com,Sukhumi
113,Lizzie,46,Lizzie.46@yopmail.com,Oranjestad
114,Cassandra,70,Cassandra.70@yopmail.com,Abuja
115,Ashlee,59,Ashlee.59@yopmail.com,Honiara
116,Dennie,41,Dennie.41@yopmail.com,Port Elizabeth
117,Karena,33,Karena.33@yopmail.com,Milan
118,Kimmy,41,Kimmy.41@yopmail.com,Shigatse
119,Nananne,64,Nananne.64@yopmail.com,Tagbilaran
120,Jessy,29,Jessy.29@yopmail.com,Cannes
121,Helena,35,Helena.35@yopmail.com,Lisbon
122,Charlena,59,Charlena.59@yopmail.com,Vaduz
123,Ada,100,Ada.70@yopmail.com,Lviv